{
  "version": 1,
  "author": "Uri Shaked",
  "editor": "wokwi",
  "parts": [
    {
      "type": "wokwi-esp32-devkit-v1",
      "id": "esp",
      "top": -43.3,
      "left": -14.6,
      "attrs": { "env": "micropython-20220618-v1.19.1" }
    },
    { "type": "board-ds18b20", "id": "temp1", "top": -116.33, "left": 253.68, "attrs": {} },
    {
      "type": "wokwi-resistor",
      "id": "r2",
      "top": -4.8,
      "left": 105.05,
      "rotate": 90,
      "attrs": { "value": "4000" }
    }
  ],
  "connections": [
    [ "esp:TX0", "$serialMonitor:RX", "", [] ],
    [ "esp:RX0", "$serialMonitor:TX", "", [] ],
    [ "temp1:VCC", "esp:3V3", "red", [ "v0" ] ],
    [ "temp1:DQ", "esp:D4", "green", [ "v115.2", "h201.6" ] ],
    [ "temp1:DQ", "r2:1", "green", [ "h-19.2", "v38.4" ] ],
    [ "r2:2", "esp:3V3", "green", [ "v66", "h-38.1" ] ],
    [ "temp1:GND", "esp:GND.1", "black", [ "v0" ] ]
  ],
  "dependencies": {}
}